meanings,signal length,signal dimension,MI,theoretical best
4,1,1,0.49931085109710693,2.0
4,1,1,0.49961310625076294,2.0
4,1,1,0.4996011555194855,2.0
4,1,1,0.49923670291900635,2.0
4,1,1,0.6032565832138062,2.0
4,1,1,0.4995918869972229,2.0
4,1,1,0.49875321984291077,2.0
4,1,1,0.6017072796821594,2.0
4,1,1,0.49904540181159973,2.0
4,1,1,0.49936169385910034,2.0
4,1,2,1.237978219985962,2.0
4,1,2,0.6016086935997009,2.0
4,1,2,0.498586505651474,2.0
4,1,2,1.237209439277649,2.0
4,1,2,1.2395018339157104,2.0
4,1,2,1.239153504371643,2.0
4,1,2,1.241194248199463,2.0
4,1,2,1.2371916770935059,2.0
4,1,2,1.9857579469680786,2.0
4,1,2,1.2406803369522095,2.0
4,1,3,1.9899113178253174,2.0
4,1,3,1.238964557647705,2.0
4,1,3,1.2414649724960327,2.0
4,1,3,1.9885097742080688,2.0
4,1,3,1.2402375936508179,2.0
4,1,3,1.244438886642456,2.0
4,1,3,1.9868940114974976,2.0
4,1,3,1.2410005331039429,2.0
4,1,3,1.9865777492523193,2.0
4,1,3,1.9742971658706665,2.0
4,2,1,1.2485707998275757,2.0
4,2,1,0.49872711300849915,2.0
4,2,1,0.6020599007606506,2.0
4,2,1,0.6023850440979004,2.0
4,2,1,1.24416983127594,2.0
4,2,1,0.6019542217254639,2.0
4,2,1,0.6024996638298035,2.0
4,2,1,1.249106526374817,2.0
4,2,1,0.6020774841308594,2.0
4,2,1,1.2485874891281128,2.0
4,2,2,1.246045470237732,2.0
4,2,2,1.2396870851516724,2.0
4,2,2,1.9795701503753662,2.0
4,2,2,1.2408440113067627,2.0
4,2,2,1.9916774034500122,2.0
4,2,2,1.2442115545272827,2.0
4,2,2,1.9886294603347778,2.0
4,2,2,1.9886140823364258,2.0
4,2,2,1.243209958076477,2.0
4,2,2,1.2462106943130493,2.0
4,2,3,1.9870878458023071,2.0
4,2,3,1.987054467201233,2.0
4,2,3,1.9889540672302246,2.0
4,2,3,1.9854239225387573,2.0
4,2,3,1.9781194925308228,2.0
4,2,3,1.9896693229675293,2.0
4,2,3,1.9913935661315918,2.0
4,2,3,1.98285973072052,2.0
4,2,3,1.9827239513397217,2.0
4,2,3,1.9874913692474365,2.0
4,3,1,1.2441370487213135,2.0
4,3,1,1.2158825397491455,2.0
4,3,1,1.243240237236023,2.0
4,3,1,1.244618535041809,2.0
4,3,1,1.243542194366455,2.0
4,3,1,1.2327648401260376,2.0
4,3,1,1.2443090677261353,2.0
4,3,1,1.2433184385299683,2.0
4,3,1,1.2465428113937378,2.0
4,3,1,1.2463172674179077,2.0
4,3,2,1.993261694908142,2.0
4,3,2,1.9879828691482544,2.0
4,3,2,1.245675802230835,2.0
4,3,2,1.2439574003219604,2.0
4,3,2,1.2443643808364868,2.0
4,3,2,1.9869860410690308,2.0
4,3,2,1.9815281629562378,2.0
4,3,2,1.9874560832977295,2.0
4,3,2,1.9836111068725586,2.0
4,3,2,1.246191143989563,2.0
4,3,3,1.9870290756225586,2.0
4,3,3,1.9903717041015625,2.0
4,3,3,1.9917442798614502,2.0
4,3,3,1.990396499633789,2.0
4,3,3,1.9939441680908203,2.0
4,3,3,1.9905829429626465,2.0
4,3,3,1.9900531768798828,2.0
4,3,3,1.9910551309585571,2.0
4,3,3,1.9918212890625,2.0
4,3,3,1.9948270320892334,2.0
4,4,1,1.9917244911193848,2.0
4,4,1,1.2391952276229858,2.0
4,4,1,1.2426178455352783,2.0
4,4,1,1.2442498207092285,2.0
4,4,1,1.2429734468460083,2.0
4,4,1,1.247338891029358,2.0
4,4,1,1.9928922653198242,2.0
4,4,1,1.2432072162628174,2.0
4,4,1,1.2463971376419067,2.0
4,4,1,1.2455132007598877,2.0
4,4,2,1.9905970096588135,2.0
4,4,2,1.9959439039230347,2.0
4,4,2,1.9978766441345215,2.0
4,4,2,1.9879240989685059,2.0
4,4,2,1.9952621459960938,2.0
4,4,2,1.9836516380310059,2.0
4,4,2,1.9879429340362549,2.0
4,4,2,1.9828054904937744,2.0
4,4,2,1.9907861948013306,2.0
4,4,2,1.985074758529663,2.0
4,4,3,1.992571234703064,2.0
4,4,3,1.9980369806289673,2.0
4,4,3,1.9854010343551636,2.0
4,4,3,1.985247015953064,2.0
4,4,3,1.998746395111084,2.0
4,4,3,1.9961234331130981,2.0
4,4,3,1.9928936958312988,2.0
4,4,3,1.9976255893707275,2.0
4,4,3,1.9909746646881104,2.0
4,4,3,1.9947293996810913,2.0
4,5,1,1.2428085803985596,2.0
4,5,1,1.2446668148040771,2.0
4,5,1,1.2463252544403076,2.0
4,5,1,1.246496558189392,2.0
4,5,1,1.9876700639724731,2.0
4,5,1,1.2445133924484253,2.0
4,5,1,1.9892501831054688,2.0
4,5,1,1.242762804031372,2.0
4,5,1,1.9921152591705322,2.0
4,5,1,1.9843335151672363,2.0
4,5,2,1.9912562370300293,2.0
4,5,2,1.9948114156723022,2.0
4,5,2,1.9958909749984741,2.0
4,5,2,1.9924023151397705,2.0
4,5,2,1.9897540807724,2.0
4,5,2,1.9915363788604736,2.0
4,5,2,1.9993072748184204,2.0
4,5,2,1.992093801498413,2.0
4,5,2,1.9843372106552124,2.0
4,5,2,1.9775582551956177,2.0
4,5,3,1.990563154220581,2.0
4,5,3,1.9941385984420776,2.0
4,5,3,1.992313027381897,2.0
4,5,3,1.998121976852417,2.0
4,5,3,1.992397427558899,2.0
4,5,3,1.9965996742248535,2.0
4,5,3,1.9934911727905273,2.0
4,5,3,1.9871989488601685,2.0
4,5,3,1.994739055633545,2.0
4,5,3,1.9958940744400024,2.0
8,1,1,0.24980470538139343,3.0
8,1,1,0.6840896010398865,3.0
8,1,1,0.26148632168769836,3.0
8,1,1,0.24963322281837463,3.0
8,1,1,0.26147592067718506,3.0
8,1,1,0.24959909915924072,3.0
8,1,1,0.2498437911272049,3.0
8,1,1,0.2613179087638855,3.0
8,1,1,0.2496282309293747,3.0
8,1,1,0.24970655143260956,3.0
8,1,2,0.6703255772590637,3.0
8,1,2,1.0969960689544678,3.0
8,1,2,0.7071779370307922,3.0
8,1,2,0.6685220003128052,3.0
8,1,2,0.7008028030395508,3.0
8,1,2,0.9872251152992249,3.0
8,1,2,0.6733317971229553,3.0
8,1,2,0.7049320340156555,3.0
8,1,2,0.6723576784133911,3.0
8,1,2,0.7066181302070618,3.0
8,1,3,1.9888988733291626,3.0
8,1,3,1.6137782335281372,3.0
8,1,3,0.6687939763069153,3.0
8,1,3,0.6694697737693787,3.0
8,1,3,1.1176135540008545,3.0
8,1,3,1.1949677467346191,3.0
8,1,3,1.1108108758926392,3.0
8,1,3,1.9823106527328491,3.0
8,1,3,1.19593346118927,3.0
8,1,3,0.7034105062484741,3.0
8,2,1,0.2492486536502838,3.0
8,2,1,0.260901540517807,3.0
8,2,1,0.7080559134483337,3.0
8,2,1,0.7089696526527405,3.0
8,2,1,1.0155093669891357,3.0
8,2,1,0.7086730599403381,3.0
8,2,1,0.6716303825378418,3.0
8,2,1,0.30044448375701904,3.0
8,2,1,0.6723282933235168,3.0
8,2,1,0.2613709270954132,3.0
8,2,2,1.118526816368103,3.0
8,2,2,0.7032418251037598,3.0
8,2,2,1.1169350147247314,3.0
8,2,2,1.1147210597991943,3.0
8,2,2,2.484030246734619,3.0
8,2,2,1.1107279062271118,3.0
8,2,2,0.7965679168701172,3.0
8,2,2,2.0398690700531006,3.0
8,2,2,1.1055406332015991,3.0
8,2,2,1.5407651662826538,3.0
8,2,3,1.1173408031463623,3.0
8,2,3,2.0274198055267334,3.0
8,2,3,2.0325980186462402,3.0
8,2,3,2.9748311042785645,3.0
8,2,3,2.0294888019561768,3.0
8,2,3,1.6087477207183838,3.0
8,2,3,2.4690639972686768,3.0
8,2,3,2.0348899364471436,3.0
8,2,3,1.531214714050293,3.0
8,2,3,1.6181021928787231,3.0
8,3,1,0.6731411218643188,3.0
8,3,1,0.7041861414909363,3.0
8,3,1,1.0750185251235962,3.0
8,3,1,0.6716852188110352,3.0
8,3,1,0.6711491942405701,3.0
8,3,1,0.706301748752594,3.0
8,3,1,0.6734396815299988,3.0
8,3,1,0.6748009920120239,3.0
8,3,1,1.2092106342315674,3.0
8,3,1,0.6226617097854614,3.0
8,3,2,2.4870219230651855,3.0
8,3,2,2.976288318634033,3.0
8,3,2,1.6088474988937378,3.0
8,3,2,1.5342049598693848,3.0
8,3,2,1.6151326894760132,3.0
8,3,2,1.609786868095398,3.0
8,3,2,2.980766773223877,3.0
8,3,2,1.6075501441955566,3.0
8,3,2,2.9872021675109863,3.0
8,3,2,1.6101354360580444,3.0
8,3,3,1.9857497215270996,3.0
8,3,3,2.9733145236968994,3.0
8,3,3,1.9878885746002197,3.0
8,3,3,2.4766364097595215,3.0
8,3,3,2.9827754497528076,3.0
8,3,3,1.6088008880615234,3.0
8,3,3,1.0914692878723145,3.0
8,3,3,2.4831995964050293,3.0
8,3,3,1.534875512123108,3.0
8,3,3,2.0357089042663574,3.0
8,4,1,1.1220217943191528,3.0
8,4,1,1.1180616617202759,3.0
8,4,1,0.7054091691970825,3.0
8,4,1,1.2017889022827148,3.0
8,4,1,1.2027575969696045,3.0
8,4,1,0.6722791790962219,3.0
8,4,1,0.7073720097541809,3.0
8,4,1,0.6716862320899963,3.0
8,4,1,1.1977670192718506,3.0
8,4,1,1.2055352926254272,3.0
8,4,2,0.7065759897232056,3.0
8,4,2,2.976520299911499,3.0
8,4,2,1.5433558225631714,3.0
8,4,2,2.038015365600586,3.0
8,4,2,2.043696880340576,3.0
8,4,2,1.8971068859100342,3.0
8,4,2,1.119257926940918,3.0
8,4,2,2.033781051635742,3.0
8,4,2,1.613730549812317,3.0
8,4,2,2.4813098907470703,3.0
8,4,3,2.9836905002593994,3.0
8,4,3,2.043224573135376,3.0
8,4,3,2.9780690670013428,3.0
8,4,3,2.4907469749450684,3.0
8,4,3,2.981325387954712,3.0
8,4,3,2.98659348487854,3.0
8,4,3,2.987257719039917,3.0
8,4,3,2.0447003841400146,3.0
8,4,3,2.9839670658111572,3.0
8,4,3,2.482046365737915,3.0
8,5,1,1.2085046768188477,3.0
8,5,1,1.6141810417175293,3.0
8,5,1,1.2029274702072144,3.0
8,5,1,0.7983070611953735,3.0
8,5,1,1.0997666120529175,3.0
8,5,1,1.095850944519043,3.0
8,5,1,1.204764485359192,3.0
8,5,1,1.2041302919387817,3.0
8,5,1,1.119065284729004,3.0
8,5,1,1.4960476160049438,3.0
8,5,2,2.9825546741485596,3.0
8,5,2,2.4929962158203125,3.0
8,5,2,1.9876896142959595,3.0
8,5,2,2.976414203643799,3.0
8,5,2,2.036635398864746,3.0
8,5,2,2.9816648960113525,3.0
8,5,2,2.985553503036499,3.0
8,5,2,2.0345818996429443,3.0
8,5,2,2.9841110706329346,3.0
8,5,2,1.6190028190612793,3.0
8,5,3,2.98038649559021,3.0
8,5,3,2.490422248840332,3.0
8,5,3,2.0426876544952393,3.0
8,5,3,2.9865691661834717,3.0
8,5,3,2.9905285835266113,3.0
8,5,3,2.9832117557525635,3.0
8,5,3,2.4926705360412598,3.0
8,5,3,2.9878101348876953,3.0
8,5,3,2.984617233276367,3.0
8,5,3,2.987644672393799,3.0
16,1,1,0.12479067593812943,4.0
16,1,1,0.1262206733226776,4.0
16,1,1,0.12630891799926758,4.0
16,1,1,0.12618881464004517,4.0
16,1,1,0.3347232937812805,4.0
16,1,1,0.13061217963695526,4.0
16,1,1,0.12476792186498642,4.0
16,1,1,0.13834576308727264,4.0
16,1,1,5.205768957239343e-06,4.0
16,1,1,0.12631383538246155,4.0
16,1,2,0.3419584631919861,4.0
16,1,2,0.3352866768836975,4.0
16,1,2,0.3426419198513031,4.0
16,1,2,0.38358408212661743,4.0
16,1,2,0.38847362995147705,4.0
16,1,2,0.9261112809181213,4.0
16,1,2,0.3878985345363617,4.0
16,1,2,0.2966196835041046,4.0
16,1,2,0.38588207960128784,4.0
16,1,2,0.3884370028972626,4.0
16,1,3,0.5727044343948364,4.0
16,1,3,0.38116174936294556,4.0
16,1,3,0.6000892519950867,4.0
16,1,3,0.6470794677734375,4.0
16,1,3,0.5942149758338928,4.0
16,1,3,-1.522893853689311e-06,4.0
16,1,3,0.6464174389839172,4.0
16,1,3,0.620403528213501,4.0
16,1,3,2.6060954496642807e-06,4.0
16,1,3,1.1786891222000122,4.0
16,2,1,0.1304791122674942,4.0
16,2,1,0.3847159743309021,4.0
16,2,1,0.12626896798610687,4.0
16,2,1,0.15046104788780212,4.0
16,2,1,0.3881951868534088,4.0
16,2,1,0.38606974482536316,4.0
16,2,1,0.38563239574432373,4.0
16,2,1,0.343039333820343,4.0
16,2,1,0.12484373152256012,4.0
16,2,1,0.12621739506721497,4.0
16,2,2,0.6790429353713989,4.0
16,2,2,0.3872435688972473,4.0
16,2,2,0.9184616208076477,4.0
16,2,2,0.6257141828536987,4.0
16,2,2,0.6515535712242126,4.0
16,2,2,0.6449214220046997,4.0
16,2,2,0.3839576244354248,4.0
16,2,2,0.6101651787757874,4.0
16,2,2,1.6692322492599487,4.0
16,2,2,1.104679822921753,4.0
16,2,3,0.6380948424339294,4.0
16,2,3,1.0865141153335571,4.0
16,2,3,1.106593370437622,4.0
16,2,3,2.4754459857940674,4.0
16,2,3,0.9382016658782959,4.0
16,2,3,0.9117366671562195,4.0
16,2,3,2.7493817806243896,4.0
16,2,3,2.419980525970459,4.0
16,2,3,2.7660751342773438,4.0
16,2,3,1.4769957065582275,4.0
16,3,1,0.6548997759819031,4.0
16,3,1,0.3425804078578949,4.0
16,3,1,0.34292545914649963,4.0
16,3,1,0.3890894055366516,4.0
16,3,1,0.3856532871723175,4.0
16,3,1,0.39451864361763,4.0
16,3,1,0.6026374101638794,4.0
16,3,1,0.35362163186073303,4.0
16,3,1,0.3271145522594452,4.0
16,3,1,0.526094377040863,4.0
16,3,2,1.2091189622879028,4.0
16,3,2,0.9395363926887512,4.0
16,3,2,0.9172565340995789,4.0
16,3,2,1.4472522735595703,4.0
16,3,2,0.9079540371894836,4.0
16,3,2,1.2203037738800049,4.0
16,3,2,1.1687310934066772,4.0
16,3,2,1.660164713859558,4.0
16,3,2,1.6410622596740723,4.0
16,3,2,1.1279499530792236,4.0
16,3,3,2.225203275680542,4.0
16,3,3,3.0716984272003174,4.0
16,3,3,3.0460045337677,4.0
16,3,3,1.1905583143234253,4.0
16,3,3,2.217212677001953,4.0
16,3,3,2.570970058441162,4.0
16,3,3,3.058530569076538,4.0
16,3,3,1.6813879013061523,4.0
16,3,3,1.1700873374938965,4.0
16,3,3,1.609681248664856,4.0
16,4,1,0.6473098993301392,4.0
16,4,1,0.38722872734069824,4.0
16,4,1,0.6103282570838928,4.0
16,4,1,0.45459863543510437,4.0
16,4,1,0.5774471163749695,4.0
16,4,1,0.6761473417282104,4.0
16,4,1,0.6513336896896362,4.0
16,4,1,0.5873368382453918,4.0
16,4,1,0.6485134363174438,4.0
16,4,1,0.6129176020622253,4.0
16,4,2,1.7350976467132568,4.0
16,4,2,1.2170161008834839,4.0
16,4,2,2.2187602519989014,4.0
16,4,2,1.3905842304229736,4.0
16,4,2,1.7895416021347046,4.0
16,4,2,1.5285245180130005,4.0
16,4,2,0.908388614654541,4.0
16,4,2,1.993904709815979,4.0
16,4,2,0.9080830812454224,4.0
16,4,2,2.2100090980529785,4.0
16,4,3,1.4770313501358032,4.0
16,4,3,3.378422260284424,4.0
16,4,3,2.5228734016418457,4.0
16,4,3,2.3050642013549805,4.0
16,4,3,3.384603977203369,4.0
16,4,3,2.313528537750244,4.0
16,4,3,1.9309827089309692,4.0
16,4,3,1.457977056503296,4.0
16,4,3,0.9278020858764648,4.0
16,4,3,1.6258459091186523,4.0
16,5,1,0.45345598459243774,4.0
16,5,1,0.93571537733078,4.0
16,5,1,0.7891275882720947,4.0
16,5,1,0.6643117666244507,4.0
16,5,1,0.9221246838569641,4.0
16,5,1,0.8059301376342773,4.0
16,5,1,0.9400843381881714,4.0
16,5,1,1.1176514625549316,4.0
16,5,1,0.6675741076469421,4.0
16,5,1,0.5716168284416199,4.0
16,5,2,1.7281451225280762,4.0
16,5,2,1.2903006076812744,4.0
16,5,2,2.48127818107605,4.0
16,5,2,2.0381317138671875,4.0
16,5,2,1.2817530632019043,4.0
16,5,2,1.4488238096237183,4.0
16,5,2,2.6124119758605957,4.0
16,5,2,1.2231409549713135,4.0
16,5,2,1.74077570438385,4.0
16,5,2,2.729538679122925,4.0
16,5,3,2.576931953430176,4.0
16,5,3,1.7447654008865356,4.0
16,5,3,3.0973243713378906,4.0
16,5,3,3.3563969135284424,4.0
16,5,3,3.659489154815674,4.0
16,5,3,3.646440029144287,4.0
16,5,3,3.329495429992676,4.0
16,5,3,1.736498475074768,4.0
16,5,3,3.1031525135040283,4.0
16,5,3,2.969378709793091,4.0
32,1,1,4.366189187976488e-08,5.0
32,1,1,3.6062652952750796e-07,5.0
32,1,1,1.5077505395311164e-06,5.0
32,1,1,1.2621776477317326e-06,5.0
32,1,1,8.229717423091643e-07,5.0
32,1,1,2.1240491605567513e-06,5.0
32,1,1,6.037718094376032e-07,5.0
32,1,1,-7.35889287284408e-08,5.0
32,1,1,-4.2875169015132997e-07,5.0
32,1,1,3.178651866164728e-07,5.0
32,1,2,0.2198500782251358,5.0
32,1,2,0.15737783908843994,5.0
32,1,2,7.846610969863832e-07,5.0
32,1,2,0.19442196190357208,5.0
32,1,2,8.134553013405821e-07,5.0
32,1,2,1.1111287676612847e-06,5.0
32,1,2,2.9566996317953453e-07,5.0
32,1,2,5.573527687374735e-06,5.0
32,1,2,-1.368463387052543e-07,5.0
32,1,2,2.4315950213349424e-06,5.0
32,1,3,9.18025875762396e-07,5.0
32,1,3,1.577428292875993e-06,5.0
32,1,3,0.43813371658325195,5.0
32,1,3,0.7441692352294922,5.0
32,1,3,0.31092116236686707,5.0
32,1,3,2.3274035356735112e-06,5.0
32,1,3,1.6086279401861248e-06,5.0
32,1,3,0.5243730545043945,5.0
32,1,3,0.3747367858886719,5.0
32,1,3,8.278063887701137e-07,5.0
32,2,1,1.3973531167721376e-06,5.0
32,2,1,6.072166343074059e-06,5.0
32,2,1,0.06260965019464493,5.0
32,2,1,2.5797203306865413e-06,5.0
32,2,1,0.2197108417749405,5.0
32,2,1,5.632587999571115e-06,5.0
32,2,1,0.06244000047445297,5.0
32,2,1,0.06328212469816208,5.0
32,2,1,0.06237941235303879,5.0
32,2,1,1.2263639064258314e-06,5.0
32,2,2,0.47898587584495544,5.0
32,2,2,0.21777789294719696,5.0
32,2,2,0.4912281036376953,5.0
32,2,2,0.3356645405292511,5.0
32,2,2,3.7780509956064634e-06,5.0
32,2,2,0.37987351417541504,5.0
32,2,2,0.37730085849761963,5.0
32,2,2,0.35072705149650574,5.0
32,2,2,9.523036510472593e-07,5.0
32,2,2,1.3215020895004272,5.0
32,2,3,0.6630153656005859,5.0
32,2,3,0.6479251980781555,5.0
32,2,3,0.5366118550300598,5.0
32,2,3,1.2773735523223877,5.0
32,2,3,0.9541478753089905,5.0
32,2,3,0.5101701021194458,5.0
32,2,3,0.53630131483078,5.0
32,2,3,1.2500905990600586,5.0
32,2,3,2.2500414848327637,5.0
32,2,3,0.6894767880439758,5.0
32,3,1,0.3800276219844818,5.0
32,3,1,0.22051796317100525,5.0
32,3,1,0.22112581133842468,5.0
32,3,1,5.730797056457959e-06,5.0
32,3,1,0.16999438405036926,5.0
32,3,1,0.18017356097698212,5.0
32,3,1,0.37720876932144165,5.0
32,3,1,2.146459564755787e-06,5.0
32,3,1,0.1924039125442505,5.0
32,3,1,0.37856703996658325,5.0
32,3,2,1.1247942447662354,5.0
32,3,2,0.46172428131103516,5.0
32,3,2,0.8259310126304626,5.0
32,3,2,0.6883435249328613,5.0
32,3,2,0.5361966490745544,5.0
32,3,2,0.3440594971179962,5.0
32,3,2,1.901008129119873,5.0
32,3,2,0.8081940412521362,5.0
32,3,2,0.6757209300994873,5.0
32,3,2,1.8253936767578125,5.0
32,3,3,1.2969328165054321,5.0
32,3,3,0.6953260898590088,5.0
32,3,3,0.9568135738372803,5.0
32,3,3,0.7787837982177734,5.0
32,3,3,0.9787128567695618,5.0
32,3,3,0.661738932132721,5.0
32,3,3,0.8543884754180908,5.0
32,3,3,0.9472444653511047,5.0
32,3,3,0.9780367612838745,5.0
32,3,3,0.8397524952888489,5.0
32,4,1,0.41075870394706726,5.0
32,4,1,0.3309434652328491,5.0
32,4,1,0.34997937083244324,5.0
32,4,1,0.30083081126213074,5.0
32,4,1,0.3267572224140167,5.0
32,4,1,0.18774008750915527,5.0
32,4,1,0.35359078645706177,5.0
32,4,1,0.3761528432369232,5.0
32,4,1,0.3519277572631836,5.0
32,4,1,0.3250153958797455,5.0
32,4,2,1.681491732597351,5.0
32,4,2,1.5351687669754028,5.0
32,4,2,0.790665864944458,5.0
32,4,2,0.6714398860931396,5.0
32,4,2,1.0278260707855225,5.0
32,4,2,0.6945582032203674,5.0
32,4,2,1.155928373336792,5.0
32,4,2,0.9886507391929626,5.0
32,4,2,0.9326907992362976,5.0
32,4,2,0.9279141426086426,5.0
32,4,3,0.8000344634056091,5.0
32,4,3,2.5665652751922607,5.0
32,4,3,0.8529852032661438,5.0
32,4,3,2.7415294647216797,5.0
32,4,3,0.7045099139213562,5.0
32,4,3,3.317643404006958,5.0
32,4,3,1.8582453727722168,5.0
32,4,3,2.1978671550750732,5.0
32,4,3,2.098228931427002,5.0
32,4,3,2.9057252407073975,5.0
32,5,1,0.43832406401634216,5.0
32,5,1,0.32088136672973633,5.0
32,5,1,0.2789097726345062,5.0
32,5,1,0.3059326708316803,5.0
32,5,1,0.3276142477989197,5.0
32,5,1,0.28938350081443787,5.0
32,5,1,0.21259646117687225,5.0
32,5,1,0.46257179975509644,5.0
32,5,1,0.3792618215084076,5.0
32,5,1,0.29385775327682495,5.0
32,5,2,0.891426146030426,5.0
32,5,2,0.977128267288208,5.0
32,5,2,0.6660373210906982,5.0
32,5,2,0.9369461536407471,5.0
32,5,2,0.5131919980049133,5.0
32,5,2,0.7016922831535339,5.0
32,5,2,0.9549767971038818,5.0
32,5,2,1.3075084686279297,5.0
32,5,2,0.8569915294647217,5.0
32,5,2,0.9779250025749207,5.0
32,5,3,1.1438337564468384,5.0
32,5,3,0.8096082210540771,5.0
32,5,3,2.854806423187256,5.0
32,5,3,0.5419885516166687,5.0
32,5,3,0.7283953428268433,5.0
32,5,3,1.2356245517730713,5.0
32,5,3,1.6087876558303833,5.0
32,5,3,0.6933799982070923,5.0
32,5,3,3.1621971130371094,5.0
32,5,3,2.621157169342041,5.0
64,1,1,-6.876012292877931e-08,6.0
64,1,1,1.5123090690849494e-07,6.0
64,1,1,2.0407458123372635e-07,6.0
64,1,1,9.535746414712776e-08,6.0
64,1,1,-7.03085456521535e-09,6.0
64,1,1,1.1166800106821029e-07,6.0
64,1,1,1.0343499923237687e-07,6.0
64,1,1,-6.460872725710942e-08,6.0
64,1,1,2.1009310557928984e-07,6.0
64,1,1,3.674432491607149e-08,6.0
64,1,2,4.2388595034026366e-07,6.0
64,1,2,2.137863646112237e-07,6.0
64,1,2,4.118644980621866e-08,6.0
64,1,2,4.0628961528454965e-07,6.0
64,1,2,3.5343155104783364e-06,6.0
64,1,2,4.237763562287e-08,6.0
64,1,2,3.2837800745255663e-07,6.0
64,1,2,2.427796346182731e-07,6.0
64,1,2,-1.710810160204801e-08,6.0
64,1,2,2.5826540195339476e-07,6.0
64,1,3,5.368069082578586e-07,6.0
64,1,3,1.3598863915831316e-05,6.0
64,1,3,3.717407253134297e-07,6.0
64,1,3,-1.9861191447034798e-07,6.0
64,1,3,2.7119341439174605e-07,6.0
64,1,3,5.784258405583387e-07,6.0
64,1,3,1.1317042236669295e-07,6.0
64,1,3,8.900936450118024e-07,6.0
64,1,3,1.2129850901487771e-08,6.0
64,1,3,3.500638854347926e-07,6.0
64,2,1,6.153562480903929e-06,6.0
64,2,1,9.627628969610669e-06,6.0
64,2,1,6.161757937661605e-06,6.0
64,2,1,3.1603519801137736e-07,6.0
64,2,1,2.0482923446252244e-07,6.0
64,2,1,1.0046382158179767e-05,6.0
64,2,1,1.9122037429042393e-06,6.0
64,2,1,4.353868007456185e-06,6.0
64,2,1,3.484168018985656e-06,6.0
64,2,1,1.0070672260553692e-06,6.0
64,2,2,4.585072474583285e-06,6.0
64,2,2,0.3102723956108093,6.0
64,2,2,3.7446527585416334e-06,6.0
64,2,2,5.336826689017471e-06,6.0
64,2,2,4.475940386328148e-06,6.0
64,2,2,5.207651611272013e-06,6.0
64,2,2,2.3212833184516057e-06,6.0
64,2,2,5.962128852843307e-07,6.0
64,2,2,0.12426643073558807,6.0
64,2,2,5.7501370065438095e-06,6.0
64,2,3,7.585070761706447e-06,6.0
64,2,3,9.121414223045576e-06,6.0
64,2,3,1.2024664101772942e-05,6.0
64,2,3,1.5572237316519022e-05,6.0
64,2,3,1.668214645178523e-05,6.0
64,2,3,1.3482120266417041e-05,6.0
64,2,3,1.2502579011197668e-05,6.0
64,2,3,1.6678734482411528e-06,6.0
64,2,3,1.0425953405501787e-05,6.0
64,2,3,1.3614115914606373e-06,6.0
64,3,1,5.291849902278045e-06,6.0
64,3,1,1.0543673852225766e-05,6.0
64,3,1,1.3076039977022447e-05,6.0
64,3,1,1.0801047210406978e-05,6.0
64,3,1,0.09761926531791687,6.0
64,3,1,1.4846646990918089e-05,6.0
64,3,1,3.2412540349469054e-06,6.0
64,3,1,1.4823192941548768e-05,6.0
64,3,1,5.04298532177927e-06,6.0
64,3,1,1.3195297469792422e-05,6.0
64,3,2,6.87866440785001e-06,6.0
64,3,2,3.892990207532421e-06,6.0
64,3,2,0.3520195484161377,6.0
64,3,2,9.955699169950094e-06,6.0
64,3,2,3.7747463466075715e-06,6.0
64,3,2,1.0534311513765715e-05,6.0
64,3,2,1.5840692867641337e-05,6.0
64,3,2,2.7099369617644697e-05,6.0
64,3,2,1.0296802429365925e-05,6.0
64,3,2,2.4517833026038716e-06,6.0
64,3,3,0.43726029992103577,6.0
64,3,3,1.091335707315011e-05,6.0
64,3,3,2.171111646021018e-06,6.0
64,3,3,1.0161600584979169e-05,6.0
64,3,3,7.25127983969287e-06,6.0
64,3,3,1.1442797585914377e-05,6.0
64,3,3,0.4231749176979065,6.0
64,3,3,0.4696541428565979,6.0
64,3,3,2.291701321155415e-06,6.0
64,3,3,2.6258460366079817e-06,6.0
64,4,1,4.437114512256812e-06,6.0
64,4,1,0.09539884328842163,6.0
64,4,1,5.108232016937109e-06,6.0
64,4,1,1.890071689558681e-05,6.0
64,4,1,1.3158194633433595e-05,6.0
64,4,1,0.1749422699213028,6.0
64,4,1,1.2661040273087565e-05,6.0
64,4,1,1.4556608221028e-05,6.0
64,4,1,2.622671308927238e-05,6.0
64,4,1,0.1739688366651535,6.0
64,4,2,0.36925795674324036,6.0
64,4,2,1.659198460401967e-05,6.0
64,4,2,0.3202909231185913,6.0
64,4,2,6.647635473200353e-06,6.0
64,4,2,0.45784667134284973,6.0
64,4,2,8.501094271196052e-06,6.0
64,4,2,8.93096330401022e-06,6.0
64,4,2,1.17225426947698e-05,6.0
64,4,2,1.4835688489256427e-05,6.0
64,4,2,0.38516727089881897,6.0
64,4,3,8.881968824425712e-06,6.0
64,4,3,6.760411906725494e-06,6.0
64,4,3,1.852678178693168e-05,6.0
64,4,3,0.47437459230422974,6.0
64,4,3,0.6044804453849792,6.0
64,4,3,0.5342971086502075,6.0
64,4,3,1.7090698747779243e-05,6.0
64,4,3,2.4637385649839416e-05,6.0
64,4,3,0.2884962856769562,6.0
64,4,3,2.130134105682373,6.0
64,5,1,5.33376896783011e-06,6.0
64,5,1,0.1523396521806717,6.0
64,5,1,1.4941630070097744e-05,6.0
64,5,1,6.038931587681873e-06,6.0
64,5,1,8.010164492588956e-06,6.0
64,5,1,3.389664925634861e-05,6.0
64,5,1,1.2984999557374977e-05,6.0
64,5,1,5.1408537729003e-06,6.0
64,5,1,3.3749915928638075e-06,6.0
64,5,1,1.0898548680415843e-05,6.0
64,5,2,5.064275683253072e-06,6.0
64,5,2,0.5011202692985535,6.0
64,5,2,1.85940461960854e-05,6.0
64,5,2,0.2779272496700287,6.0
64,5,2,8.623658686701674e-06,6.0
64,5,2,0.5602657198905945,6.0
64,5,2,0.45781949162483215,6.0
64,5,2,0.4702072739601135,6.0
64,5,2,0.41787102818489075,6.0
64,5,2,8.95160064828815e-06,6.0
64,5,3,0.6844168305397034,6.0
64,5,3,0.511610209941864,6.0
64,5,3,0.5803227424621582,6.0
64,5,3,0.6426022052764893,6.0
64,5,3,0.5864918231964111,6.0
64,5,3,0.7201413512229919,6.0
64,5,3,0.3999227285385132,6.0
64,5,3,1.369856595993042,6.0
64,5,3,0.5767669677734375,6.0
64,5,3,9.976844012271613e-06,6.0
